entity_id,name,age,gender,phone_number,address_location,vehicle_number,known_organization
ENT_001,Advik Maharaj,23,Male,+91 95350 39256,"27, Kapoor Ganj, Cyberabad",DL-08-SN-1520,
ENT_002,Charan Chahal,36,Male,+91 98674 36062,"140, Sami, Rajnagar",WB-02-SI-1106,BlueSky Exporters
ENT_003,Amruta Chander,43,Female,+91 95259 38221,"87, Kaul Ganj, Gopalpur",,
ENT_004,Ira Saini,44,Female,+91 95926 15695,"118, Sen Ganj, Rajnagar",RJ-14-CR-5803,Global Cargo Express
ENT_005,Aarush Dutta,26,Male,+91 98777 39871,"75, Oak Marg, Gopalpur",UP-32-DM-5554,
ENT_006,Garima Kale,32,Female,+91 91463 37460,"69, Chaudry Path, Indrapuri",DL-08-TU-3803,
ENT_007,Ranveer Chatterjee,32,Male,+91 70488 45382,"143, Padmanabhan Path, Vikramnagar",,
ENT_008,Anthony Sharaf,36,Male,+91 98924 51347,"69, Dash Circle, Shivnagar",,Global Cargo Express
ENT_009,Balveer Memon,63,Male,+91 70505 94259,"37, Pathak, Chandanpur",,
ENT_010,Bhavya Bath,59,Female,+91 88697 62350,"57, Mann Ganj, Vidyanagar",KA-03-QP-2489,Devgarh Traders
ENT_011,Jackson Chaudhuri,62,Male,+91 99911 99192,"17, Mall Marg, Shivnagar",WB-02-QI-1188,Devgarh Traders
ENT_012,Rajata Gaba,63,Female,+91 91214 48469,"41, Pant Path, Shivnagar",TS-09-QY-3927,
ENT_013,Kiaan Bora,62,Male,+91 95961 93748,"51, Garg, Suryanagar",,Apex Logistics Pvt Ltd
ENT_014,Gautami Shere,53,Female,+91 98214 57576,"79, Madan Marg, Vikramnagar",,
ENT_015,Nicholas Bhalla,27,Male,+91 70935 19071,"137, Balay Ganj, Gopalpur",KA-03-VP-3705,
ENT_016,Suhani Loyal,35,Female,+91 96830 50857,"96, Kakar Zila, Shivnagar",WB-02-DH-4681,
ENT_017,Hitesh Tata,59,Male,+91 96702 38864,"19, Shanker Marg, Devgarh",MH-12-HC-1514,Devgarh Traders
ENT_018,Kevin Dewan,39,Male,+91 70319 80678,"147, Yohannan Ganj, Cyberabad",UP-32-ZP-7669,
ENT_019,Tanish Rastogi,64,Male,+91 88462 65519,"120, Kanda Path, Shivnagar",MH-12-VU-2612,
ENT_020,Yashoda Tak,28,Female,+91 96296 34931,"115, Batta Zila, Suryanagar",,
ENT_021,Ganga Dutta,37,Female,+91 97553 82132,"13, Bhatt Marg, Anandpur",MH-12-CY-4872,
ENT_022,Sai Sidhu,52,Female,+91 96985 62565,"16, Krishnamurthy Circle, Vikramnagar",,
ENT_023,Deepa Yadav,38,Female,+91 70392 65444,"143, Oak Road, Rajnagar",WB-02-EG-5861,
ENT_024,Manan Saran,59,Male,+91 98865 51104,"13, Setty Street, Devgarh",KA-03-BQ-2312,Devgarh Traders
ENT_025,Karan Tella,65,Male,+91 96513 25713,"146, Tripathi Street, Vikramnagar",,
ENT_026,Manthan Tripathi,48,Male,+91 91367 36772,"81, Issac, Indrapuri",,
ENT_027,Ridhi Edwin,51,Female,+91 91869 19508,"118, Wali Circle, Devgarh",DL-08-CR-4492,
ENT_028,Neel Suresh,44,Male,+91 97350 58434,"41, Choudhury Nagar, Kalyanpur",TS-09-TZ-9666,
ENT_029,Nikita Khatri,64,Female,+91 97999 27601,"30, Khosla Nagar, Kalyanpur",KA-03-IJ-4450,Golden Crown Holdings
ENT_030,Chaman Sunder,54,Female,+91 70357 16658,"109, Walia Zila, Anandpur",MH-12-AK-3143,CyberTech Solutions
ENT_031,Devansh Soman,50,Male,+91 88674 11267,"20, Gandhi Circle, Anandpur",KA-03-RB-7049,
ENT_032,Siddharth Kakar,49,Male,+91 99142 50404,"11, Iyer Circle, Vidyanagar",UP-32-VH-2684,
ENT_033,Sudiksha Prakash,61,Female,+91 99342 31299,"46, Varughese Chowk, Gopalpur",MH-12-FX-6442,Shiv Shakti Real Estate
ENT_034,Darpan Kota,39,Male,+91 99906 24168,"10, Bhatt Ganj, Shivnagar",UP-32-GO-6728,
ENT_035,Advaith Karpe,36,Male,+91 98775 35313,"85, Kannan, Shivnagar",,
ENT_036,Bimala Bhargava,44,Female,+91 88795 80282,"8, Bir Ganj, Vidyanagar",,BlueSky Exporters
ENT_037,Oni Bobal,24,Female,+91 97710 66959,"81, Khanna Circle, Vidyanagar",DL-08-MS-4114,
ENT_038,Watika Kala,22,Female,+91 96472 66531,"85, Deo Circle, Anandpur",DL-08-XJ-9308,
ENT_039,Keya Solanki,42,Female,+91 88813 48752,"33, Gupta Marg, Suryanagar",,Shiv Shakti Real Estate
ENT_040,Chanakya Sankar,61,Male,+91 95515 81819,"1, Sampath Path, Mayapur",,
ENT_041,Vinaya Bhagat,51,Female,+91 70552 98555,"131, Bhat Zila, Ratanpur",KA-03-VC-5649,
ENT_042,Pallavi Chopra,27,Female,+91 96788 50687,"51, Handa Ganj, Ratanpur",,
ENT_043,Vanya Dey,61,Female,+91 97566 64321,"148, Goswami Marg, Vikramnagar",,Star Line Communications
ENT_044,Vedhika Krish,37,Female,+91 99771 10726,"28, Savant Zila, Vikramnagar",UP-32-FZ-9486,
ENT_045,Aryan Zachariah,29,Male,+91 70236 70901,"136, Chander Nagar, Indrapuri",HR-26-YO-9270,
ENT_046,Geetika Ray,32,Female,+91 70560 43972,"64, Srivastava Chowk, Gopalpur",TS-09-YY-9540,
ENT_047,Sai Bhargava,39,Male,+91 70179 47450,"70, Raghavan Street, Ratanpur",,Devgarh Traders
ENT_048,Robert Lanka,31,Male,+91 96492 30028,"55, Mangal Chowk, Rajnagar",,
ENT_049,Widisha Dubey,48,Female,+91 98311 65069,"150, Minhas Ganj, Shivnagar",MH-12-YS-7232,
ENT_050,Barkha Bhat,41,Female,+91 88973 64921,"140, Bhandari Path, Suryanagar",UP-32-PH-5471,
ENT_051,William Thakkar,46,Male,+91 91784 99016,"104, Dugar Circle, Gopalpur",WB-02-ET-9751,
ENT_052,Yashoda Buch,59,Female,+91 98185 94246,"35, Biswas Street, Shivnagar",KA-03-BI-7211,
ENT_053,Kamya Raval,42,Female,+91 91879 59692,"108, Koshy Zila, Kalyanpur",,
ENT_054,Banjeet Saini,56,Male,+91 98458 39389,"18, Virk, Indrapuri",MH-12-YA-5051,
ENT_055,Kalpit Jayaraman,61,Male,+91 99344 26544,"30, Khare Path, Chandanpur",UP-32-OW-5198,BlueSky Exporters
ENT_056,Rudra Deep,32,Male,+91 95210 85849,"80, Shankar Road, Devgarh",RJ-14-MW-4249,
ENT_057,Balhaar Andra,28,Male,+91 95970 99687,"31, Chaudhry Chowk, Navgram",MH-12-LR-8018,Devgarh Traders
ENT_058,Jalsa Toor,22,Female,+91 88942 74251,"111, Deo Road, Anandpur",WB-02-WE-8135,
ENT_059,Bhavya Konda,61,Female,+91 70576 67091,"69, Mane Path, Mayapur",,
ENT_060,Theodore Mittal,39,Male,+91 70349 70910,"98, Wadhwa, Navgram",,
ENT_061,Netra Chawla,33,Female,+91 70317 56507,"67, Lalla Street, Gopalpur",,CyberTech Solutions
ENT_062,Chatresh Dugal,55,Male,+91 96187 41635,"105, Manda Road, Rajnagar",UP-32-WP-9041,
ENT_063,Onveer Jani,27,Male,+91 95326 63005,"63, Tiwari Road, Rajnagar",,
ENT_064,Ladli Behl,57,Female,+91 91535 82140,"91, Sampath Zila, Vidyanagar",TS-09-JI-4777,
ENT_065,Anthony Aggarwal,42,Male,+91 97860 80236,"48, De Path, Gopalpur",,CyberTech Solutions
ENT_066,Gaurika Sathe,28,Female,+91 96403 39816,"46, Sane Circle, Vidyanagar",,BlueSky Exporters
ENT_067,Dayita Borra,24,Female,+91 98666 48290,"33, Banik Street, Rajnagar",WB-02-DA-5658,
ENT_068,Falak Sani,43,Female,+91 99152 43092,"123, Barman Street, Mayapur",,
ENT_069,Rajata Baral,26,Female,+91 98255 29555,"145, Kade Path, Gopalpur",DL-08-HD-7818,Golden Crown Holdings
ENT_070,Dalaja Pandya,50,Female,+91 70404 87139,"79, Ray Circle, Shivnagar",MH-12-TX-2625,Golden Crown Holdings
ENT_071,Jagat Gaba,38,Male,+91 97260 41439,"142, Sachar Street, Cyberabad",,
ENT_072,Hemal Natarajan,60,Female,+91 70398 14278,"74, Kothari Marg, Ratanpur",WB-02-CV-4824,Golden Crown Holdings
ENT_073,Gauri Chokshi,29,Female,+91 96763 29528,"69, Barad Marg, Vikramnagar",DL-08-BF-6039,
ENT_074,Janya Iyengar,50,Female,+91 97579 49857,"104, Palla Chowk, Rajnagar",WB-02-OC-1653,Global Cargo Express
ENT_075,Jhalak Kapoor,23,Female,+91 97334 98381,"148, Hans Nagar, Mayapur",MH-12-YV-5415,
